fips,poverty_count,median_income
01001,6275,69841
01003,24819,75019
01005,4746,44290
01007,4258,51215
01009,8269,61096
01011,2344,36723
01013,3881,44881
01015,19558,55826
01017,5214,49295
01019,3606,50769
01021,6111,61873
01023,2413,44483
01025,4607,49167
01027,2295,51852
01029,1984,53319
01031,9409,64672
01033,9626,56736
01035,3125,42266
01037,1161,57063
01039,6681,50886
01041,2081,49040
01043,12299,60916
01045,9078,53955
01047,10748,36810
01049,14405,51149
01051,8652,75553
01053,7238,44447
01055,17401,53070
01057,2967,50733
01059,5476,51493
01061,5035,50951
01063,2697,31495
01065,3454,41325
01067,2695,60135
01069,19198,57531
01071,8758,49454
01073,106524,64589
01075,2061,47447
01077,12584,59082
01079,4506,60040
01081,32119,61123
01083,10561,83534
01085,2913,35160
01087,3611,45951
01089,40401,83528
01091,4241,44205
01093,4809,50714
01095,15841,60946
01097,65948,58119
01099,4371,40225
01101,41981,58153
01103,16441,64858
01105,2296,34368
01107,3878,47014
01109,7130,47961
01111,3983,51551
01113,12966,50046
01115,10129,78993
01117,15442,93543
01119,2801,37981
01121,13665,56249
01123,6128,57185
01125,36620,63947
01127,11429,54509
01129,2793,60503
01131,2943,42236
01133,4506,48032
02013,423,72692
02016,459,107344
02020,26226,98152
02050,4351,70616
02060,83,100625
02063,326,88565
02066,295,75053
02068,131,88935
02070,774,74250
02090,5669,84722
02100,126,72607
02105,291,62500
02110,2565,100513
02122,6790,77722
02130,1300,89155
02150,966,83716
02158,2555,48233
02164,152,64000
02170,11111,90625
02180,2026,76643
02185,897,86313
02188,1384,81298
02195,188,77026
02198,858,59079
02220,688,101207
02230,81,78594
02240,911,74223
02275,227,64545
02282,39,80625
02290,1086,52642
04001,20070,40338
04003,18544,58970
04005,23485,69748
04007,9297,59089
04009,6319,67326
04011,1016,75239
04012,3001,49506
04013,497877,85518
04015,35787,55799
04017,25979,52752
04019,146560,67929
04021,46664,77588
04023,9707,53614
04025,29898,66106
04027,32921,60417
05001,2425,60831
05003,4215,44481
05005,6029,48427
05007,22138,89879
05009,5018,54195
05011,2057,39565
05013,601,63654
05015,4586,55187
05017,2264,39683
05019,3810,50985
05021,2449,48500
05023,3415,55979
05025,1153,50509
05027,4642,47363
05029,4261,51212
05031,20670,57615
05033,9998,60362
05035,9684,54271
05037,3314,47012
05039,675,44694
05041,3164,36064
05043,3720,41071
05045,18099,65071
05047,3197,51919
05049,1782,38941
05051,16237,55409
05053,2205,72512
05055,7657,56793
05057,3702,47654
05059,5264,52644
05061,2477,44492
05063,7287,56009
05065,2692,47728
05067,3044,41215
05069,12300,48552
05071,4874,44808
05073,1658,37237
05075,2854,44164
05077,1926,36860
05079,1512,51667
05081,1927,52241
05083,3009,54237
05085,8232,71449
05087,2529,53888
05089,3008,46953
05091,8694,49983
05093,8150,53428
05095,1452,43955
05097,1762,49015
05099,2298,41761
05101,945,47395
05103,3913,49838
05105,1558,60078
05107,4534,38874
05109,1871,51000
05111,4466,47188
05113,3611,49252
05115,10633,54606
05117,739,51094
05119,63472,60385
05121,3879,52838
05123,5503,41784
05125,11244,76534
05127,1678,45955
05129,1896,41978
05131,20559,56450
05133,3049,51641
05135,2997,42950
05137,2665,38531
05139,7327,50221
05141,3069,47266
05143,35887,66426
05145,12190,53435
05147,1361,49982
05149,2621,58870
06001,149752,126240
06003,209,110781
06005,2931,81526
06007,37531,68574
06009,6083,79877
06011,2332,75149
06013,95048,125727
06015,2900,66780
06017,15754,106190
06019,185717,71434
06021,3511,70487
06023,25064,61135
06025,33705,56393
06027,1928,72432
06029,168825,67660
06031,23427,68750
06033,11156,58738
06035,3279,64395
06037,1322476,87760
06039,30187,75496
06041,19907,142785
06043,2347,65378
06045,13524,64688
06047,51655,65044
06049,1717,56648
06051,1441,86953
06053,52732,94486
06055,11238,108970
06057,10745,84905
06059,296493,113702
06061,27419,114678
06063,2075,64946
06065,266955,89672
06067,197472,88724
06069,5118,108289
06071,291226,82184
06073,330602,102285
06075,87135,141446
06077,97063,88531
06079,34424,93398
06081,47945,156000
06083,58387,95977
06085,128470,159674
06087,28613,109266
06089,23179,71931
06091,325,60000
06093,7196,55499
06095,42767,99994
06097,41044,102840
06099,71943,79661
06101,14494,75450
06103,9988,61834
06105,2830,53498
06107,83473,69489
06109,5547,72259
06111,74630,107327
06113,34165,88818
06115,12501,73313
08001,48994,91387
08003,2843,51445
08005,55261,97215
08007,1134,76524
08009,810,40380
08011,1348,49194
08013,36145,102772
08014,3695,121025
08015,1844,70909
08017,193,67768
08019,631,96667
08021,1032,47209
08023,793,36519
08025,762,47563
08027,490,72700
08029,4310,58330
08031,78668,91681
08033,448,70490
08035,11841,145737
08037,4553,103174
08039,1444,129477
08041,60977,87470
08043,5800,61027
08045,5539,86172
08047,580,88654
08049,1420,84558
08051,2115,77358
08053,42,64327
08055,1193,52139
08057,258,41809
08059,38319,107800
08061,170,56389
08063,633,59810
08065,525,93655
08067,6755,85296
08069,39240,91364
08071,2378,50408
08073,447,54257
08075,2506,55074
08077,17123,71485
08079,104,52455
08081,1533,70975
08083,3414,63005
08085,5101,66072
08087,3515,75407
08089,4249,54897
08091,253,84556
08093,1266,95450
08095,695,60372
08097,1221,100318
08099,1994,57601
08101,25321,62250
08103,559,72620
08105,1662,62166
08107,1580,104803
08109,1142,54283
08111,116,73889
08113,674,80117
08115,336,52833
08117,2277,106255
08119,1871,80666
08121,353,65164
08123,30256,93287
08125,1437,60051
09110,96546,91541
09120,42096,87135
09130,11625,101117
09140,46175,86365
09150,8137,87564
09160,10224,91035
09170,63456,86266
09180,28317,84185
09190,45372,124553
10001,20323,72872
10003,56807,89901
10005,28116,78162
11001,94140,106287
12001,52015,59659
12003,3285,70833
12005,20821,70188
12007,4550,59740
12009,60603,75817
12011,235824,74534
12013,2506,46901
12015,18219,66154
12017,24124,55355
12019,20204,86094
12021,40135,86173
12023,11237,55070
12027,7626,50868
12029,2961,47655
12031,143754,68447
12033,44136,65715
12035,11360,72923
12037,1874,62734
12039,11243,46047
12041,1946,61070
12043,2341,38905
12045,1412,67361
12047,2933,47696
12049,5727,54231
12051,8630,53044
12053,23818,63193
12055,15723,55581
12057,193025,75011
12059,2565,48236
12061,18567,71049
12063,7647,47327
12065,2740,56984
12067,1174,60692
12069,37240,69956
12071,91539,73099
12073,51451,65074
12075,7539,53805
12077,1290,53824
12079,3413,48176
12081,42741,75792
12083,55184,58535
12085,17817,80701
12086,394945,68694
12087,8412,82430
12089,8659,88900
12091,19364,79097
12093,7127,52288
12095,182784,77011
12097,50246,68711
12099,164211,81115
12101,64423,67384
12103,107618,70293
12105,109496,63644
12107,17409,47256
12109,19379,106169
12111,39878,69027
12113,15911,88968
12115,36101,80633
12117,43264,83030
12119,11723,73297
12121,5998,55479
12123,3225,44985
12125,1995,64922
12127,67642,66581
12129,1758,74183
12131,8912,79281
12133,4279,52723
13001,4310,43728
13003,2062,38438
13005,2223,50310
13007,832,44405
13009,8518,55413
13011,2396,68830
13013,8797,77477
13015,11092,79431
13017,4308,39081
13019,3979,50414
13021,37337,50747
13023,2289,53005
13025,3054,47801
13027,4056,47656
13029,3357,94234
13031,16801,56832
13033,4611,50739
13035,3032,59221
13037,866,55714
13039,8095,72399
13043,1870,50431
13045,18511,72327
13047,5898,72425
13049,2697,48534
13051,41100,69575
13053,772,59221
13055,4696,47785
13057,17693,105442
13059,30727,52267
13061,644,48715
13063,49531,58507
13065,1517,55549
13067,64760,98712
13069,7799,50175
13071,10835,49691
13073,10805,96122
13075,3494,50133
13077,12222,94142
13079,1593,60905
13081,4695,42745
13083,1280,58936
13085,2634,88986
13087,6976,50485
13089,101298,77683
13091,4040,50152
13093,1777,56545
13095,21255,46784
13097,16295,80764
13099,2216,53750
13101,458,61723
13103,4946,85465
13105,3989,49727
13107,5410,50053
13109,1870,53908
13111,3059,58073
13113,6603,108986
13115,15943,62540
13117,11712,138000
13119,4685,52264
13121,133805,91490
13123,4667,72542
13125,347,55250
13127,13668,68546
13129,7438,61997
13131,5318,54312
13133,1705,84530
13135,100570,84823
13137,6064,65622
13139,26231,77430
13141,2154,33182
13143,4596,65016
13145,2586,89184
13147,2940,57241
13149,2136,62907
13151,22940,81612
13153,16644,80743
13155,1657,53915
13157,6613,85012
13159,2125,59574
13161,3935,40879
13163,2810,46561
13165,1769,36906
13167,1351,54183
13169,3800,68259
13171,1895,68457
13173,2726,44361
13175,10944,49705
13177,2256,88024
13179,9289,59013
13181,1393,50688
13183,2746,64747
13185,23253,55887
13187,4893,72388
13189,4052,54058
13191,2475,50348
13193,2537,37177
13195,5772,58784
13197,1247,50484
13199,4052,56458
13201,1377,58407
13205,5042,51908
13207,3162,82863
13209,1279,51188
13211,1522,85692
13213,5198,67880
13215,37491,56622
13217,13984,73732
13219,2586,115925
13221,1676,69784
13223,10525,94557
13225,4730,68365
13227,4502,75293
13229,2605,56691
13231,1830,84184
13233,8302,55308
13235,1577,47688
13237,4121,64163
13239,324,36838
13241,2497,61466
13243,1628,25425
13245,41459,53197
13247,10026,72349
13249,601,59647
13251,2472,53017
13253,1700,49559
13255,12519,60217
13257,3587,52264
13259,1018,35000
13261,6209,41877
13263,1232,45098
13265,370,48036
13267,4463,52351
13269,2242,41743
13271,3026,44948
13273,2838,43812
13275,8069,60140
13277,8266,53165
13279,5252,54130
13281,1529,58400
13283,1511,43750
13285,12589,54905
13287,1869,39565
13289,1160,55439
13291,2598,65697
13293,5749,50904
13295,9223,55887
13297,12060,82381
13299,7690,44833
13301,1112,46776
13303,2807,44009
13305,5874,49562
13307,620,40764
13309,1406,45262
13311,3261,69747
13313,13995,64262
13315,1620,48036
13317,1603,52542
13319,1761,46673
13321,4096,57201
15001,29257,77215
15003,88808,104264
15005,13,86250
15007,6414,93612
15009,15969,95076
16001,42195,88907
16003,686,59286
16005,10398,64080
16007,660,67304
16009,1466,56553
16011,5300,76842
16013,1821,84470
16015,658,77349
16017,5231,65168
16019,11922,76646
16021,2154,62438
16023,561,43281
16025,77,55536
16027,24145,72355
16029,513,66653
16031,2546,67042
16033,98,52083
16035,1019,57961
16037,503,56957
16039,3435,58976
16041,1218,65991
16043,1282,72767
16045,2013,66245
16047,2391,62395
16049,1791,60975
16051,2967,82952
16053,3421,69338
16055,16237,77034
16057,5439,65179
16059,947,52057
16061,629,49643
16063,487,66038
16065,11836,58259
16067,3250,70060
16069,5382,71466
16071,549,72563
16073,1620,59773
16075,2332,65723
16077,646,59760
16079,2015,49975
16081,1136,90740
16083,9742,65338
16085,1702,76125
16087,1640,53608
17001,7788,64962
17003,1034,43523
17005,1846,61603
17007,5538,81638
17009,399,72288
17011,4094,65894
17013,251,92095
17015,1950,60871
17017,1387,64907
17019,34513,63091
17021,3562,59253
17023,1425,70625
17025,2160,57266
17027,2613,82314
17029,7950,56040
17031,680528,81797
17033,1963,67614
17035,1013,69826
17037,15291,69022
17039,1535,64802
17041,1718,74186
17043,58877,110502
17045,1927,56909
17047,1030,59386
17049,3622,75380
17051,3324,57113
17053,1628,60782
17055,6227,53471
17057,3942,58617
17059,750,54626
17061,1642,60976
17063,3307,93060
17065,989,61520
17067,2182,65044
17069,373,57155
17071,714,65651
17073,3877,69912
17075,3495,62439
17077,10753,45572
17079,795,71094
17081,4975,61102
17083,2028,79104
17085,1746,74954
17087,1903,65203
17089,42101,100678
17091,12883,68325
17093,6533,110474
17095,7220,53291
17097,55934,108917
17099,14227,72281
17101,1974,53438
17103,3676,68459
17105,3380,70796
17107,3346,64188
17109,4885,50434
17111,18764,102836
17113,21011,78329
17115,14562,62449
17117,6259,68518
17119,29306,74800
17121,5841,60839
17123,1334,69818
17125,1778,62127
17127,2032,62584
17129,1174,81334
17131,1217,71710
17133,1583,101635
17135,3546,61863
17137,3808,65175
17139,1393,71676
17141,4541,79244
17143,26991,64938
17145,3098,59286
17147,987,87516
17149,2163,58029
17151,516,62500
17153,1286,43227
17155,555,77526
17157,3343,68870
17159,1823,60404
17161,21244,66768
17163,33836,70178
17165,3907,54945
17167,24702,74114
17169,1293,66059
17171,507,73013
17173,2053,68457
17175,624,62284
17177,5683,61943
17179,11135,76704
17181,3204,56420
17183,12065,54537
17185,1541,53650
17187,1996,64650
17189,1050,75652
17191,2202,53107
17193,2175,53097
17195,6509,64536
17197,47993,107799
17199,9213,65521
17201,44717,64363
17203,2834,85629
18001,4411,63128
18003,46610,68839
18005,9813,80365
18007,1038,61811
18009,2069,47560
18011,3689,104865
18013,1321,72644
18015,1698,64003
18017,4674,56525
18019,11232,72298
18021,2744,67676
18023,2744,63690
18025,2483,48993
18027,3419,68561
18029,4075,82693
18031,2416,74228
18033,4354,70080
18035,20789,56932
18037,4055,71918
18039,25517,65617
18041,3830,56659
18043,7877,78179
18045,2032,62526
18047,1942,79702
18049,2541,62878
18051,3300,67763
18053,11499,54007
18055,4057,59753
18057,15422,117957
18059,3642,91326
18061,2956,72468
18063,8738,99988
18065,5957,60144
18067,10292,62496
18069,3564,62734
18071,5067,70208
18073,2259,79634
18075,2639,54114
18077,3489,59987
18079,3339,68476
18081,11600,87227
18083,4593,58863
18085,7615,73922
18087,2310,83741
18089,72010,68985
18091,14691,70452
18093,4984,65551
18095,16142,62632
18097,144204,63450
18099,4979,68041
18101,1594,65345
18103,5083,61130
18105,25256,63372
18107,4388,66571
18109,6064,79088
18111,1843,68596
18113,3950,70908
18115,529,67942
18117,2575,64758
18119,2504,59586
18121,2623,66776
18123,2285,61099
18125,1466,66250
18127,15723,85828
18129,2444,79124
18131,1442,59956
18133,2616,76182
18135,3594,61121
18137,2733,71084
18139,2135,64393
18141,38013,64885
18143,3467,54583
18145,5091,71301
18147,1294,70890
18149,3426,62933
18151,2912,71483
18153,2498,54985
18155,1083,65148
18157,32500,58622
18159,1741,78309
18161,446,79500
18163,24967,60938
18165,2012,59363
18167,19750,52525
18169,3136,68414
18171,1061,74635
18173,4053,95027
18175,3724,61358
18177,10795,56652
18179,1996,69741
18181,2422,66143
18183,3627,75790
19001,753,66176
19003,339,68828
19005,1657,66000
19007,2468,51146
19009,649,54152
19011,1979,84742
19013,18505,64581
19015,1757,79741
19017,1767,83343
19019,1439,78430
19021,1624,66564
19023,1500,69651
19025,791,66875
19027,1693,68528
19029,2243,61657
19031,1308,79080
19033,3918,65537
19035,1717,64478
19037,827,73421
19039,1304,66821
19041,1848,64082
19043,2294,62326
19045,5962,65177
19047,2635,65039
19049,6038,102349
19051,647,79505
19053,1067,57146
19055,1368,76205
19057,5354,60662
19059,1103,74570
19061,8982,75919
19063,904,65181
19065,2333,58764
19067,1742,64500
19069,1481,63648
19071,489,73750
19073,897,59159
19075,786,83617
19077,982,79981
19079,1171,71750
19081,1272,70212
19083,1381,64906
19085,1079,77027
19087,2248,64604
19089,778,67336
19091,1294,66994
19093,701,62841
19095,1502,72185
19097,1977,71605
19099,2942,70128
19101,2141,56824
19103,24608,74721
19105,2038,73071
19107,1175,60856
19109,1383,65656
19111,4151,59803
19113,22106,76421
19115,1042,80223
19117,1415,67921
19119,634,72881
19121,1127,89542
19123,2527,69019
19125,2248,78059
19127,4275,72785
19129,989,87810
19131,713,68704
19133,943,62944
19135,676,72518
19137,1201,63190
19139,4858,69512
19141,1910,68216
19143,981,69138
19145,1887,57752
19147,1002,68963
19149,1712,81600
19151,599,63423
19153,49165,81621
19155,9885,71446
19157,1886,64837
19159,403,69821
19161,757,70991
19163,19837,76363
19165,984,67690
19167,2172,84736
19169,16046,69006
19171,2544,67955
19173,600,67279
19175,1480,56813
19177,874,60183
19179,5743,60034
19181,2767,92990
19183,1876,71339
19185,961,59118
19187,3994,68054
19189,988,63719
19191,1426,75652
19193,13739,70147
19195,532,76875
19197,1867,64033
20001,1578,57618
20003,840,64925
20005,1871,62164
20007,716,57615
20009,3640,56733
20011,1649,67555
20013,1303,58886
20015,5845,80375
20017,258,54518
20019,560,54592
20021,2476,58274
20023,451,55765
20025,178,65515
20027,1018,63136
20029,863,57333
20031,782,67377
20033,181,49417
20035,4455,58263
20037,7727,50311
20039,345,52030
20041,1592,67982
20043,662,72833
20045,16894,68756
20047,453,53792
20049,410,56087
20051,4873,59889
20053,453,66792
20055,4351,72437
20057,4769,70495
20059,2444,72142
20061,6709,57344
20063,112,63203
20065,267,52909
20067,390,72484
20069,383,77885
20071,127,78819
20073,873,58276
20075,92,61929
20077,812,55417
20079,2592,73269
20081,387,69138
20083,99,63125
20085,1190,72703
20087,1147,77393
20089,369,52344
20091,32476,107261
20093,232,74135
20095,670,59819
20097,125,73214
20099,3117,55439
20101,121,53042
20103,6671,86906
20105,341,53546
20107,1024,59200
20109,355,71389
20111,4712,59078
20113,2579,77701
20115,1104,63438
20117,913,70828
20119,255,74868
20121,2267,88000
20123,702,58233
20125,4911,53242
20127,677,56716
20129,381,65625
20131,764,77375
20133,2340,55704
20135,296,66107
20137,375,50305
20139,1709,70216
20141,419,59408
20143,685,76755
20145,608,63625
20147,661,61235
20149,1810,87694
20151,813,64348
20153,252,65000
20155,7252,60498
20157,665,53611
20159,644,63947
20161,13499,59560
20163,247,61596
20165,329,60288
20167,1004,53902
20169,6457,63316
20171,436,67788
20173,72477,67675
20175,2762,62269
20177,21495,66043
20179,252,70000
20181,557,64444
20183,275,57024
20185,422,63786
20187,256,70361
20189,780,61909
20191,2351,60348
20193,516,73575
20195,149,73375
20197,480,70536
20199,184,60263
20201,440,62452
20203,342,71282
20205,1331,57056
20207,379,48152
20209,28943,60582
21001,3208,50316
21003,3120,59029
21005,2981,71747
21007,1037,64740
21009,9207,49171
21011,2974,54128
21013,6268,32403
21015,8997,94752
21017,2724,56322
21019,8154,60659
21021,3946,61635
21023,1675,59521
21025,3726,41101
21027,4331,53673
21029,7882,77640
21031,2230,52003
21033,1731,57618
21035,6012,51854
21037,9728,77271
21039,783,62019
21041,2001,57753
21043,5058,50389
21045,3791,41689
21047,11580,54190
21049,4696,67824
21051,5887,39607
21053,1674,42168
21055,1578,47003
21057,1987,39662
21059,15314,65323
21061,2030,54512
21063,1659,40074
21065,3064,43905
21067,48466,67631
21069,3480,49663
21071,9177,41582
21073,6683,66470
21075,1509,36834
21077,1245,62247
21079,2922,62572
21081,3045,67940
21083,7406,50576
21085,5027,49893
21087,2384,41087
21089,5292,59613
21091,1409,66836
21093,12623,67608
21095,6930,37198
21097,3039,63205
21099,4022,49653
21101,6734,58239
21103,2602,60736
21105,893,63750
21107,8405,57610
21109,2945,41410
21111,110819,67849
21113,5480,74886
21115,5116,43014
21117,20065,79421
21119,3511,37736
21121,10761,33153
21123,2789,67770
21125,13047,56999
21127,3529,45584
21129,1876,34182
21131,2701,40176
21133,5539,40501
21135,2915,41632
21137,4459,50862
21139,1677,59713
21141,3839,61535
21143,778,64464
21145,10173,62385
21147,5358,37355
21149,840,70549
21151,13938,62407
21153,3775,33632
21155,3665,55404
21157,4148,63611
21159,2862,46185
21161,3073,51473
21163,4091,70163
21165,1730,44672
21167,2557,63115
21169,2634,48572
21171,2484,49430
21173,4229,57468
21175,2224,47493
21177,5250,52672
21179,4512,67888
21181,1396,53616
21183,3023,54369
21185,2561,121491
21187,1913,59706
21189,960,31064
21191,2061,66601
21193,6894,45261
21195,14081,42179
21197,2755,39811
21199,13006,50943
21201,573,52337
21203,3824,48367
21205,5308,53657
21207,4142,50520
21209,5933,83660
21211,4066,82671
21213,2914,57392
21215,1450,98333
21217,4156,61871
21219,2618,57759
21221,2888,54630
21223,1107,67813
21225,2281,60989
21227,22098,64801
21229,1489,59762
21231,4690,41933
21233,1746,58786
21235,8772,41719
21237,2404,29052
21239,2656,80006
22001,13750,45266
22003,3849,51138
22005,13182,92266
22007,2861,52546
22009,9875,39439
22011,5040,64995
22013,4002,34992
22015,20762,66336
22017,50837,50067
22019,36643,67849
22021,2351,44957
22023,327,72500
22025,2117,47753
22027,4223,31784
22029,5926,37349
22031,5815,46077
22033,81374,63075
22035,1941,28321
22037,2248,72899
22039,7022,42273
22041,4765,44103
22043,3033,61112
22045,15483,57811
22047,4208,57459
22049,3426,43345
22051,69819,65246
22053,5586,56500
22055,41954,67660
22057,16947,63439
22059,2126,67077
22061,13415,38035
22063,18935,78617
22065,3083,37267
22067,7368,36981
22069,8377,46798
22071,82338,55339
22073,36927,51241
22075,3024,82874
22077,3598,59351
22079,23749,55946
22081,2121,44539
22083,4462,52960
22085,4930,52047
22087,9906,57638
22089,5047,82172
22091,3218,50193
22093,2057,64536
22095,5146,67418
22097,19321,45637
22099,8461,53394
22101,10553,51768
22103,32413,79277
22105,25465,57256
22107,1255,36074
22109,17391,64819
22111,5806,45743
22113,10823,57537
22115,8409,58281
22117,10493,42776
22119,9462,37396
22121,4298,87320
22123,1473,48514
22125,1328,74277
22127,2625,46368
23001,14060,67298
23003,9423,54254
23005,20956,92983
23007,3403,58522
23009,5591,69630
23011,14969,65062
23013,3424,71903
23015,2985,72026
23017,8187,57933
23019,19846,63248
23021,2761,55234
23023,4086,82080
23025,7756,56199
23027,4992,68441
23029,5396,52237
23031,16428,82904
24001,10541,57393
24003,31842,120324
24005,83082,90904
24009,3758,132059
24011,4064,66368
24013,9065,115876
24015,11202,91146
24017,11077,120592
24019,5225,60495
24021,17361,120458
24023,3073,69031
24025,18271,111317
24027,16915,146982
24029,1698,74402
24031,74198,128733
24033,95468,100708
24035,3518,113347
24037,8344,114580
24039,3963,52462
24041,3799,84378
24043,18367,74157
24045,13995,72861
24047,4263,81455
24510,111877,59623
25001,16909,94452
25003,13481,72565
25005,65846,84198
25007,1102,102348
25009,74235,99431
25011,8508,72584
25013,70787,70535
25015,14750,86391
25017,118146,126779
25019,428,119750
25021,46980,126497
25023,36987,109698
25025,121929,92859
25027,86428,93561
26001,1463,53568
26003,794,59406
26005,11186,80255
26007,4815,51909
26009,2239,71421
26011,1996,56989
26013,973,55117
26015,5087,77873
26017,14358,60523
26019,1824,72603
26021,22818,63152
26023,6607,61958
26025,18521,60385
26027,6752,68011
26029,2239,76495
26031,3253,61619
26033,5077,60631
26035,6488,49805
26037,7344,85928
26039,1930,58614
26041,5066,54829
26043,2505,61882
26045,8305,78025
26047,3145,73724
26049,63645,60673
26051,3335,55576
26053,2100,49672
26055,8091,79486
26057,5050,61128
26059,6830,60869
26061,5326,56573
26063,3757,56963
26065,43352,64354
26067,7186,73436
26069,4166,47777
26071,1909,53614
26073,13723,53759
26075,18352,65004
26077,33669,70525
26079,2529,60365
26081,68503,80390
26083,183,53893
26085,2489,49680
26087,8509,76228
26089,1595,91943
26091,10915,67013
26093,9525,101315
26095,912,54338
26097,1804,58598
26099,85357,76399
26101,2813,60879
26103,8538,64675
26105,4214,62296
26107,7296,57774
26109,2780,55688
26111,8986,77538
26113,1618,61868
26115,16914,75272
26117,7720,64892
26119,1659,47803
26121,21347,63495
26123,7115,61931
26125,96989,95296
26127,3499,63624
26129,3569,51983
26131,731,51844
26133,3602,57050
26135,1302,50581
26137,2411,67285
26139,23541,87144
26141,1589,56713
26143,3593,54106
26145,33133,58347
26147,17388,69349
26149,7186,64707
26151,5593,59074
26153,1179,57708
26155,7854,64464
26157,6616,62847
26159,10340,66902
26161,48323,87156
26163,353134,59521
26165,4301,63123
27001,1937,59498
27003,24172,98764
27005,3802,71117
27007,7084,67257
27009,3976,71480
27011,572,65475
27013,10695,72623
27015,1908,68690
27017,3846,80042
27019,4534,123144
27021,3861,64937
27023,1748,69192
27025,3322,98260
27027,9003,77664
27029,940,64934
27031,628,71643
27033,1594,68239
27035,6390,71343
27037,24512,105212
27039,1127,92943
27041,3213,77264
27043,1609,64391
27045,1858,75225
27047,2959,69012
27049,4344,82749
27051,645,72957
27053,124654,96339
27055,1213,77087
27057,2072,70622
27059,3238,86573
27061,5593,66380
27063,896,69955
27065,1562,71915
27067,4260,75097
27069,389,69615
27071,1247,69115
27073,520,71639
27075,893,75621
27077,306,70091
27079,2034,90218
27081,496,67715
27083,3076,72761
27085,2799,78468
27087,1101,53925
27089,655,71701
27091,2168,62969
27093,1915,75037
27095,2783,71455
27097,3341,68640
27099,4782,71495
27101,647,74475
27103,3061,80362
27105,2729,65509
27107,641,69833
27109,12714,93494
27111,5273,70912
27113,1352,72561
27115,2931,69666
27117,1043,66073
27119,3467,69136
27121,1094,72205
27123,65817,81004
27125,305,77500
27127,1812,67024
27129,1531,69086
27131,5550,82792
27133,889,70698
27135,1654,73611
27137,25849,69455
27139,6230,120247
27141,4702,102965
27143,1460,76082
27145,18584,76447
27147,2746,83448
27149,959,71060
27151,1041,62601
27153,2945,63039
27155,321,65931
27157,1797,80133
27159,1570,56882
27161,1309,75052
27163,13484,114457
27165,1438,70593
27167,921,69635
27169,6239,70198
27171,7128,106666
27173,795,71573
28001,7682,40250
28003,5863,49404
28005,3379,35385
28007,3586,48098
28009,1316,42139
28011,9404,37315
28013,2381,43942
28015,2094,55275
28017,3964,43041
28019,1276,48321
28021,2134,34371
28023,2934,46054
28025,4496,39904
28027,7331,36259
28029,6184,47994
28031,3173,47001
28033,18650,82980
28035,15850,52821
28037,1753,45618
28039,4496,54822
28041,2004,55838
28043,4664,47998
28045,6083,67728
28047,35642,57233
28049,46201,49966
28051,5904,29434
28053,1976,32976
28055,127,29271
28057,2423,59508
28059,20160,64756
28061,3036,47157
28063,1909,36207
28065,2770,37183
28067,13571,51143
28069,1978,43595
28071,9533,64334
28073,10386,69106
28075,17243,50033
28077,2823,43368
28079,4112,48418
28081,11284,67144
28083,8321,33188
28085,7326,48316
28087,9585,54460
28089,11985,78794
28091,4774,42320
28093,7263,51875
28095,5494,51231
28097,2451,45057
28099,7013,53087
28101,4462,50426
28103,2543,38814
28105,13109,43482
28107,7874,43990
28109,9120,56535
28111,2016,50435
28113,10619,41578
28115,4626,52741
28117,3211,51466
28119,1920,32131
28121,15343,77454
28123,5661,48492
28125,1194,35741
28127,4902,54111
28129,2712,51396
28131,3178,59307
28133,6510,40265
28135,3155,37383
28137,4435,63995
28139,3962,51141
28141,3667,46257
28143,3171,38402
28145,3947,56807
28147,2465,45444
28149,8738,56648
28151,12339,40117
28153,4484,36791
28155,1481,59964
28157,2038,35930
28159,5217,49071
28161,2765,49171
28163,6846,40974
29001,4942,56583
29003,1316,74007
29005,639,59260
29007,4231,56232
29009,5714,56611
29011,2559,49503
29013,2937,57914
29015,3264,52200
29017,1272,57286
29019,30192,69913
29021,13568,59423
29023,8360,49213
29025,1130,62520
29027,4682,72645
29029,5642,62927
29031,11024,68912
29033,901,61712
29035,988,45083
29037,6984,87413
29039,2417,45577
29041,850,63307
29043,7831,81245
29045,613,51458
29047,21452,86150
29049,2650,70625
29051,6769,73273
29053,1676,67548
29055,3053,56345
29057,1052,49899
29059,3649,53177
29061,1095,60665
29063,775,69093
29065,2046,54306
29067,1977,49828
29069,5788,47368
29071,8534,71973
29073,1626,65096
29075,948,57458
29077,41698,57488
29079,1600,53839
29081,1278,53364
29083,3548,56621
29085,1627,35084
29087,405,58516
29089,1203,62628
29091,8427,49814
29093,1884,51161
29095,97685,67178
29097,22229,57525
29099,19263,80522
29101,5955,67123
29103,537,53333
29105,6632,50825
29107,3161,79091
29109,6202,55849
29111,1400,52340
29113,6454,85276
29115,1895,61975
29117,1596,60148
29119,3998,48145
29121,1497,58318
29123,1736,58435
29125,1246,61359
29127,3735,63908
29129,506,60357
29131,3598,55172
29133,2454,46258
29135,1464,65161
29137,1360,48299
29139,1612,61042
29141,3566,49663
29143,2894,49237
29145,7810,64583
29147,3408,55970
29149,1858,44259
29151,1318,75355
29153,1886,42329
29155,4109,40748
29157,2037,63356
29159,5714,60232
29161,7216,55427
29163,2582,57572
29165,7370,95748
29167,5486,56686
29169,5608,66435
29171,744,56875
29173,1302,62054
29175,3573,55310
29177,2751,72152
29179,1048,44357
29181,2097,43898
29183,18911,102912
29185,1489,46731
29186,1431,61310
29187,10427,54813
29189,93427,81340
29195,3169,56566
29197,390,56023
29199,329,67568
29201,5378,58847
29203,1155,59000
29205,902,52127
29207,4768,54067
29209,4363,61323
29211,849,55500
29213,7870,58258
29215,4548,48055
29217,3609,54519
29219,3351,77989
29221,4095,51886
29223,2697,43393
29225,6237,69731
29227,338,46167
29229,3221,47304
29510,56166,55279
30001,1347,58072
30003,2984,56680
30005,1393,65050
30007,778,63636
30009,909,71017
30011,184,52171
30013,10839,66203
30015,724,56927
30017,1344,63585
30019,177,58000
30021,746,70953
30023,1649,49533
30025,332,72284
30027,1677,59731
30029,10268,71327
30031,12025,87454
30033,113,61750
30035,4103,45129
30037,151,57353
30039,349,54646
30041,3122,55313
30043,771,76576
30045,324,55417
30047,5614,61965
30049,6209,74543
30051,494,53264
30053,3303,47018
30055,75,71842
30057,603,67420
30059,206,56215
30061,835,61117
30063,12792,71246
30065,765,59010
30067,2266,66607
30069,26,59318
30071,389,58156
30073,1348,53500
30075,167,68009
30077,333,63432
30079,291,45192
30081,3771,71323
30083,808,69578
30085,3132,53125
30087,1763,56430
30089,1920,54035
30091,360,63654
30093,5584,57504
30095,740,81503
30097,288,69426
30099,643,67766
30101,541,53693
30103,82,73036
30105,946,64515
30107,478,47054
30109,180,64792
30111,16737,74400
31001,3776,65680
31003,623,63750
31005,52,67500
31007,62,71250
31009,41,61250
31011,484,71367
31013,1055,68778
31015,171,58984
31017,328,51538
31019,5297,74570
31021,909,57303
31023,625,82603
31025,1291,88255
31027,506,73977
31029,277,62782
31031,389,63750
31033,1031,57594
31035,486,75938
31037,898,79720
31039,686,70708
31041,900,66310
31043,2355,71655
31045,932,54381
31047,2935,65383
31049,169,61438
31051,387,69156
31053,3365,71294
31055,64580,79081
31057,214,56563
31059,423,76354
31061,396,57692
31063,294,68207
31065,557,60625
31067,2806,64426
31069,224,44777
31071,201,68611
31073,133,79145
31075,74,69063
31077,244,58894
31079,7213,67549
31081,624,79884
31083,213,70536
31085,105,60313
31087,298,52016
31089,1078,67225
31091,45,45854
31093,348,74508
31095,690,60568
31097,293,59457
31099,442,79167
31101,871,58132
31103,98,60313
31105,362,59438
31107,1079,64821
31109,36271,72625
31111,4278,64342
31113,66,71650
31115,46,60156
31117,33,61316
31119,4078,64637
31121,661,62849
31123,550,59773
31125,525,65438
31127,851,60132
31129,300,70201
31131,1514,81430
31133,349,54926
31135,214,67500
31137,1186,65988
31139,573,75938
31141,2959,72335
31143,318,71771
31145,1449,60000
31147,811,55578
31149,132,57500
31151,1329,77027
31153,9958,101402
31155,1442,89395
31157,4881,60960
31159,1125,81122
31161,525,56900
31163,277,61935
31165,137,54076
31167,408,78275
31169,433,63095
31171,30,72708
31173,1178,64838
31175,373,58902
31177,1434,90188
31179,1091,67687
31181,328,65197
31183,41,55893
31185,1211,74058
32001,2276,73268
32003,299896,73845
32005,4092,88018
32007,5829,83427
32009,185,NA
32011,365,73095
32013,2083,79946
32015,652,84474
32017,265,69496
32019,6650,73460
32021,795,50584
32023,8081,55975
32027,380,72007
32029,292,96000
32031,51773,85600
32033,617,72294
32510,6183,71809
33001,5546,87983
33003,3775,82961
33005,6529,81001
33007,3782,58439
33009,8640,84021
33011,27126,100436
33013,10586,93944
33015,15031,113927
33017,10821,86564
33019,4621,75929
34001,35247,76819
34003,63408,123715
34005,30725,105271
34007,62934,86384
34009,8169,88046
34011,23410,64499
34013,125419,76712
34015,22676,102807
34017,103860,90032
34019,4894,139453
34021,40446,96333
34023,71078,109028
34025,40958,122727
34027,25572,134929
34029,66599,86411
34031,69781,87137
34033,8131,78412
34035,18851,135960
34037,7794,114316
34039,50508,100117
34041,8827,99596
35001,105164,66514
35003,772,46439
35005,13763,52029
35006,7041,51765
35007,1985,52690
35009,9743,56259
35011,322,40804
35013,47947,55663
35015,7519,79605
35017,5273,45921
35019,904,40149
35021,140,41250
35023,823,49076
35025,13178,68750
35027,3205,51643
35028,564,143188
35029,6517,37917
35031,25117,44496
35033,782,50178
35035,12903,52717
35037,2138,43698
35039,8033,53901
35041,3856,52445
35043,15123,84053
35045,27779,53020
35047,5689,47400
35049,19103,74689
35051,2810,37840
35053,4502,47556
35055,4943,58908
35057,3100,46250
35059,702,45319
35061,13941,58333
36001,38700,83149
36003,7095,61233
36005,374138,49036
36007,35448,61059
36009,13039,58248
36011,9914,66583
36013,20703,56507
36015,12500,63469
36017,5597,62093
36019,10097,69208
36021,6818,83619
36023,5494,67527
36025,6317,60226
36027,23328,97273
36029,130009,71175
36031,4143,70215
36033,7179,63747
36035,7532,62615
36037,6018,72055
36039,4945,74011
36041,506,68950
36043,7826,68858
36045,14832,64978
36047,494754,78548
36049,3230,68329
36051,6606,72464
36053,6033,73141
36055,95297,74409
36057,7163,62923
36059,72719,143408
36061,250056,104553
36063,27014,67809
36065,32026,68819
36067,62884,74740
36069,9961,79814
36071,51238,96497
36073,4948,63838
36075,18598,68461
36077,7741,67086
36079,6331,127405
36081,282195,84961
36083,18177,86663
36085,53177,98290
36087,51969,110631
36089,16924,61900
36091,15723,99653
36093,19384,76989
36095,3106,71188
36097,2663,65625
36099,4167,66007
36101,12537,64740
36103,95543,128329
36105,11547,69826
36107,5810,71791
36109,13547,73012
36111,25084,81804
36113,5910,78239
36115,6304,72342
36117,10174,73914
36119,86670,118411
36121,3968,68913
36123,3318,67521
37001,23943,64445
37003,4204,65268
37005,1907,44272
37007,4235,44245
37009,3724,50827
37011,1641,57657
37013,7931,57997
37015,3152,45931
37017,6207,44528
37019,13570,74034
37021,31202,70578
37023,15326,55684
37025,20450,86084
37027,10087,55401
37029,537,87781
37031,6781,70235
37033,3325,59407
37035,20376,64544
37037,8111,88534
37039,4218,51496
37041,2790,56982
37043,1516,53645
37045,16925,55769
37047,9006,48184
37049,13368,64635
37051,54794,58780
37053,2248,91548
37055,2817,81214
37057,23367,62426
37059,4310,73234
37061,8708,51880
37063,38013,79501
37065,10516,48480
37067,55308,65541
37069,7118,71386
37071,29054,65472
37073,1212,61612
37075,686,49038
37077,8020,70975
37079,3968,50904
37081,79108,66027
37083,11826,45071
37085,19368,69012
37087,6960,61001
37089,13536,67623
37091,3986,47472
37093,9011,60095
37095,898,47338
37097,17271,78678
37099,7575,53479
37101,25065,79838
37103,1942,55659
37105,9787,63060
37107,12100,44795
37109,8097,78490
37111,6057,55527
37113,5337,53298
37115,2378,58628
37117,4186,46793
37119,115896,83765
37121,1889,58089
37123,4027,55849
37125,10077,82837
37127,13116,60704
37129,27891,72892
37131,3311,47935
37133,21794,64568
37135,16892,88553
37137,1414,61624
37139,3827,63912
37141,6641,76838
37143,1494,61224
37145,7182,64927
37147,32225,58851
37149,2643,61005
37151,21205,59047
37153,10478,43626
37155,32642,40318
37157,15086,55796
37159,22881,63196
37161,11196,49771
37163,11727,53159
37165,8544,43500
37167,8765,61631
37169,5280,60039
37171,11724,56095
37173,2890,55429
37175,4576,64523
37177,585,43952
37179,18530,99243
37181,7936,46943
37183,89566,101763
37185,4004,45279
37187,2631,41750
37189,12005,51367
37191,19436,58082
37193,10623,50438
37195,16226,51381
37197,5050,60321
37199,2763,54961
38001,307,55417
38003,1149,70230
38005,1295,68049
38007,122,81250
38009,460,83460
38011,272,83773
38013,111,96339
38015,7801,84948
38017,18980,75023
38019,273,67064
38021,503,63125
38023,153,89297
38025,288,94688
38027,283,55389
38029,268,67368
38031,299,83412
38033,298,76528
38035,9496,68450
38037,389,56750
38039,228,64737
38041,215,70827
38043,243,61850
38045,430,70263
38047,204,61339
38049,511,80614
38051,372,64236
38053,1801,88289
38055,806,81847
38057,869,79405
38059,2297,79483
38061,1244,81292
38063,288,68051
38065,86,76953
38067,576,66884
38069,463,63214
38071,1800,61319
38073,593,74521
38075,158,76311
38077,1582,72524
38079,2920,57355
38081,297,77697
38083,113,67361
38085,1590,41676
38087,51,62500
38089,3538,80744
38091,230,80313
38093,2469,60172
38095,237,63017
38097,523,88289
38099,1081,69976
38101,5255,79273
38103,405,61346
38105,3406,90224
39001,5508,49521
39003,12815,62001
39005,6988,64991
39007,17208,55507
39009,11914,53837
39011,3408,76454
39013,8872,58411
39015,7498,69990
39017,44346,81194
39019,3274,64675
39021,3131,74239
39023,20582,60846
39025,18343,83178
39027,6018,68125
39029,13547,58474
39031,6776,54687
39033,5416,55477
39035,198469,62823
39037,5721,64654
39039,3731,73615
39041,11029,130088
39043,9228,68431
39045,12903,87069
39047,4541,60047
39049,187832,73795
39051,3640,72866
39053,4219,56455
39055,5490,100783
39057,15757,85218
39059,5965,55756
39061,120229,70816
39063,7497,69699
39065,5153,58001
39067,2060,53851
39069,2292,79267
39071,6169,62008
39073,4723,61366
39075,3831,74774
39077,6904,65972
39079,5659,58409
39081,10603,56983
39083,6530,73988
39085,18731,77952
39087,9902,54842
39089,17873,81033
39091,5158,69183
39093,39114,70693
39095,74739,60095
39097,3809,83229
39099,40423,55576
39101,9145,57306
39103,11133,92660
39105,4775,46701
39107,2555,78036
39109,9345,74175
39111,1995,58962
39113,77204,64403
39115,1936,55971
39117,3781,71047
39119,13148,59203
39121,1401,55360
39123,3303,75728
39125,1783,68167
39127,5141,64737
39129,6668,72927
39131,5309,49552
39133,17567,72822
39135,4553,71237
39137,2427,82785
39139,16434,57649
39141,12012,59819
39143,7654,62500
39145,15618,49571
39147,6194,65020
39149,5268,72822
39151,46553,65740
39153,66926,71016
39155,33135,55088
39157,11848,64494
39159,3169,109506
39161,2710,65344
39163,2083,53813
39165,13008,107843
39167,7429,61355
39169,9807,71769
39171,4262,61834
39173,15163,73124
39175,1600,71878
40001,4145,48028
40003,629,67870
40005,2257,52034
40007,483,64266
40009,4339,52323
40011,1157,59304
40013,7991,54280
40015,4782,52817
40017,13659,85427
40019,7150,58856
40021,8887,53668
40023,3096,45456
40025,234,57204
40027,36484,74446
40029,1111,48162
40031,19857,59000
40033,1230,60313
40035,2599,50182
40037,9901,61849
40039,4408,57562
40041,7513,55114
40043,627,60550
40045,504,56992
40047,7645,67302
40049,3885,57127
40051,6732,75730
40053,543,61824
40055,658,60183
40057,402,54286
40059,502,59191
40061,2306,49930
40063,2463,47923
40065,3813,61497
40067,1191,48750
40069,2167,50911
40071,6616,56673
40073,1757,70617
40075,2069,42063
40077,1748,41048
40079,9405,50027
40081,5515,59425
40083,6747,82735
40085,1491,62940
40087,3396,84778
40089,6423,50175
40091,3944,46203
40093,855,69229
40095,2548,56495
40097,6829,57279
40099,1704,61904
40101,12691,51999
40103,1220,70071
40105,1516,52679
40107,2802,45441
40109,123302,65374
40111,6254,53123
40113,5591,60482
40115,6047,48656
40117,2625,57551
40119,17305,48937
40121,7553,54787
40123,4641,62564
40125,10879,60828
40127,2508,44634
40129,517,62721
40131,9128,77688
40133,5106,46191
40135,7967,49795
40137,7464,60236
40139,3787,59275
40141,1160,47445
40143,97074,67317
40145,7797,78520
40147,7541,61205
40149,1336,61980
40151,1463,50512
40153,2149,65060
41001,2252,57844
41003,17389,76011
41005,31386,100360
41007,5038,68705
41009,4578,86359
41011,9935,60313
41013,2475,81675
41015,3094,64769
41017,18793,87640
41019,17284,58983
41021,248,64219
41023,1071,59800
41025,942,48338
41027,1306,82095
41029,27295,71443
41031,2811,73051
41033,13713,59097
41035,12598,59353
41037,1379,61222
41039,57161,69311
41041,7888,61314
41043,16414,73396
41045,5025,49902
41047,44208,74624
41049,1730,70217
41051,98908,86247
41053,10581,81318
41055,341,59500
41057,3197,66551
41059,9606,68958
41061,4065,64212
41063,581,65559
41065,3160,63602
41067,47458,104434
41069,142,51250
41071,10684,87084
42001,8439,81071
42003,135306,76393
42005,7258,64295
42007,16575,70156
42009,5151,60302
42011,48747,77684
42013,15388,60594
42015,7968,62482
42017,38691,111951
42019,15175,86775
42021,17864,56292
42023,712,47681
42025,7697,67877
42027,23282,72748
42029,31305,123041
42031,4996,60668
42033,10219,60181
42035,5114,58842
42037,9592,61992
42039,10152,60254
42041,19473,85634
42043,34738,74159
42045,56407,88576
42047,2756,64103
42049,39543,61476
42051,21411,56093
42053,646,50061
42055,11995,74946
42057,1694,64798
42059,4017,66870
42061,4293,65429
42063,9985,58739
42065,6594,56898
42067,2310,63923
42069,29224,64691
42071,47050,83703
42073,9628,60779
42075,14793,76350
42077,43403,77493
42079,48562,62321
42081,13456,64412
42083,5137,61705
42085,13135,60614
42087,7255,61415
42089,18566,82374
42091,54662,111521
42093,1509,72926
42095,26577,86687
42097,10671,57948
42099,3651,78824
42101,338466,60698
42103,5482,79318
42105,1881,59840
42107,17055,66901
42109,3143,68435
42111,7702,59378
42113,620,64758
42115,4146,66930
42117,4766,62932
42119,3290,72894
42121,6290,61626
42123,4271,59013
42125,19123,77487
42127,5845,62182
42129,34698,72468
42131,2871,70268
42133,38560,82238
44001,3189,110926
44003,12500,91278
44005,7027,100859
44007,82273,78204
44009,9901,102478
45001,3318,52112
45003,23440,67940
45005,1824,31603
45007,29358,64683
45009,2676,43206
45011,5750,41800
45013,19494,84819
45015,24152,82327
45017,2267,56690
45019,47041,84320
45021,10191,49047
45023,6177,51216
45025,8685,47620
45027,5501,48887
45029,7055,48779
45031,12500,47419
45033,8057,44038
45035,18643,76896
45037,4003,67092
45039,3460,46972
45041,24483,56650
45043,9157,66734
45045,57760,74624
45047,11306,50635
45049,3597,43059
45051,46454,64623
45053,5338,63503
45055,9358,64343
45057,12160,74751
45059,11621,55517
45061,3525,44145
45063,34010,75014
45065,1572,55344
45067,7807,34501
45069,6241,36293
45071,5893,59670
45073,12905,60193
45075,19137,43214
45077,21473,59411
45079,65996,61699
45081,3630,52957
45083,47882,64195
45085,16710,55990
45087,6037,41200
45089,6833,43471
45091,25243,83060
46003,209,74130
46005,2609,63082
46007,1058,44569
46009,645,61275
46011,4078,67341
46013,3914,70239
46015,537,74043
46017,568,47000
46019,749,67692
46021,125,65000
46023,2045,64850
46025,416,62885
46027,2515,58794
46029,2867,65080
46031,1731,43750
46033,564,81958
46035,2376,61401
46037,747,62270
46039,288,79556
46041,1661,57928
46043,371,78125
46045,332,77266
46047,1365,61056
46049,529,58000
46051,822,73818
46053,434,52432
46055,136,59231
46057,402,83194
46059,198,72054
46061,215,86375
46063,60,74766
46065,1543,78981
46067,708,74459
46069,103,74279
46071,1031,26686
46073,188,75417
46075,162,64688
46077,496,70221
46079,985,73792
46081,3028,66766
46083,3902,96552
46085,904,61169
46087,413,80847
46089,269,62024
46091,333,72500
46093,2241,74161
46095,898,51364
46097,229,72589
46099,17316,76074
46101,623,77500
46102,7039,34769
46103,13073,70768
46105,354,65455
46107,180,71726
46109,1728,63691
46111,263,69870
46115,571,73011
46117,62,77000
46119,117,70250
46121,4478,39148
46123,1013,58854
46125,728,75283
46127,1218,84137
46129,791,62722
46135,2037,73855
46137,921,47333
47001,11370,63171
47003,6862,62197
47005,2920,50435
47007,3427,49655
47009,12046,74607
47011,13994,63789
47013,7447,50260
47015,2397,58092
47017,4508,50391
47019,9851,48435
47021,3330,82015
47023,2517,60543
47025,5599,46587
47027,1639,44712
47029,7275,48416
47031,9391,60656
47033,2028,59049
47035,8307,58475
47037,95838,75664
47039,2442,46190
47041,4323,48484
47043,5375,73223
47045,6454,54973
47047,4564,84764
47049,3873,50865
47051,5230,61553
47053,6644,59009
47055,4232,61476
47057,3884,51351
47059,10458,54071
47061,2569,45573
47063,10970,52794
47065,45380,72568
47067,2078,31995
47069,3789,46173
47071,5508,49149
47073,9725,55278
47075,3968,43513
47077,4616,53471
47079,5824,48540
47081,3330,57223
47083,1106,54475
47085,2548,59333
47087,2412,41475
47089,6229,63084
47091,3583,52152
47093,58146,71662
47095,1453,30500
47097,4252,49205
47099,6748,53233
47101,1986,49477
47103,4359,63115
47105,7159,80296
47107,7011,59674
47109,4114,50714
47111,3871,56269
47113,17648,58189
47115,4854,58103
47117,4943,70829
47119,10294,74162
47121,1853,58395
47123,7366,56648
47125,25939,72365
47127,732,66687
47129,3544,57408
47131,5121,53102
47133,4048,46159
47135,1483,50489
47137,1292,44591
47139,2314,60227
47141,13172,56537
47143,4998,58133
47145,6854,66218
47147,7503,78439
47149,31796,82588
47151,5338,42679
47153,3812,52260
47155,13285,63829
47157,158883,62337
47159,2656,62799
47161,1648,62052
47163,23495,56802
47165,17768,86005
47167,7004,71736
47169,953,63190
47171,2461,50381
47173,2773,61858
47175,843,60281
47177,6286,54088
47179,20590,61051
47181,2669,52824
47183,5945,49502
47185,4038,52206
47187,11423,131202
47189,11509,94048
48001,7975,58846
48003,2613,76902
48005,13707,58847
48007,4513,61754
48009,1015,71958
48011,106,68462
48013,7924,69413
48015,4408,75994
48017,927,70625
48019,3423,69703
48021,12335,82730
48023,705,42313
48025,4039,56075
48027,53935,66051
48029,294002,70571
48031,1031,87564
48033,35,64250
48035,1657,69339
48037,14112,59295
48039,27057,95155
48041,52536,58388
48043,767,52612
48045,187,41188
48047,2011,31310
48049,5294,55305
48051,2290,72888
48053,3988,77158
48055,6238,68503
48057,1717,71870
48059,1394,68455
48061,102583,51334
48063,2826,55061
48065,415,84583
48067,4863,54328
48069,1010,63485
48071,6381,108114
48073,8578,59830
48075,525,60333
48077,1072,77355
48079,667,42137
48081,449,46431
48083,1154,52364
48085,69846,117588
48087,698,60165
48089,2140,68554
48091,11144,99015
48093,1919,59946
48095,323,59632
48097,5872,72472
48099,6650,68904
48101,296,58819
48103,368,59915
48105,92,81739
48107,1097,52197
48109,383,42672
48111,692,72332
48113,359950,74149
48115,1863,55789
48117,2883,54114
48119,740,62855
48121,65649,108185
48123,2855,64014
48125,229,50417
48127,3758,33409
48129,241,56648
48131,2663,50081
48133,2485,51741
48135,24626,71031
48137,343,38500
48139,16372,95898
48141,160998,58859
48143,6435,65351
48145,2198,55372
48147,4753,68377
48149,2151,76541
48151,374,64700
48153,947,55461
48155,214,42212
48157,61205,113409
48159,1153,66800
48161,2631,58460
48163,2835,60098
48165,1603,76605
48167,38925,85348
48169,569,50545
48171,2549,67799
48173,91,106806
48175,645,59556
48177,2828,59355
48179,3162,56082
48181,15280,70455
48183,20595,64809
48185,3563,67080
48187,15510,93776
48189,5731,52788
48191,455,46728
48193,1489,55339
48195,396,68299
48197,445,61179
48199,6955,72532
48201,749481,73104
48203,11691,66040
48205,263,82122
48207,726,54044
48209,29858,85827
48211,113,72052
48213,11667,63955
48215,237121,52281
48217,5085,63147
48219,2628,54810
48221,5191,86802
48223,4502,64725
48225,3134,54563
48227,4445,71457
48229,497,39336
48231,12640,70112
48233,2340,65470
48235,107,58125
48237,1024,65693
48239,2104,61752
48241,7032,49919
48243,534,32625
48245,44758,59934
48247,1427,42230
48249,8920,47492
48251,19933,81826
48253,1761,63472
48255,2419,59103
48257,15419,88606
48259,2353,110498
48261,3,NA
48263,56,71420
48265,5999,67927
48267,645,65703
48269,29,70192
48271,320,66341
48273,8329,57612
48275,364,56304
48277,9301,61122
48279,2023,56997
48281,2022,76919
48283,1301,55469
48285,1892,61768
48287,2121,66000
48289,2301,59975
48291,16281,64773
48293,4154,58109
48295,394,71442
48297,1702,53869
48299,2542,65636
48301,5,51087
48303,51998,63367
48305,980,57411
48307,1082,51919
48309,43507,63888
48311,57,45833
48313,1505,67128
48315,1750,47447
48317,419,77083
48319,253,68750
48321,7816,55174
48323,12981,51270
48325,5641,73462
48327,405,48191
48329,18048,93984
48331,3907,59076
48333,332,64494
48335,999,56033
48337,2739,62818
48339,60445,97266
48341,3226,61325
48343,1985,55082
48345,123,62857
48347,13307,51528
48349,8814,59310
48351,2689,41044
48353,2679,50160
48355,61023,66021
48357,1516,64988
48359,301,76402
48361,10663,73372
48363,4868,64972
48365,2635,62593
48367,12122,102099
48369,931,68164
48371,3445,67689
48373,8675,59066
48375,23024,50448
48377,2192,29014
48379,1590,64874
48381,13392,80905
48383,361,70288
48385,521,45417
48387,2389,46912
48389,2669,56056
48391,1128,58016
48393,50,66118
48395,2768,66250
48397,4991,124917
48399,1004,63490
48401,6795,67506
48403,1414,59924
48405,2101,46338
48407,4928,59526
48409,10387,67512
48411,753,54855
48413,216,90141
48415,1411,62689
48417,363,64659
48419,5635,50436
48421,151,74167
48423,28262,71923
48425,607,83382
48427,21862,38182
48429,1187,54695
48431,37,78750
48433,105,61250
48435,381,75000
48437,1868,39031
48439,229884,81905
48441,18686,66406
48443,70,46989
48445,2381,45905
48447,222,58864
48449,5368,59220
48451,13394,66254
48453,140926,97169
48455,2194,51663
48457,3495,50647
48459,5460,62794
48461,539,52321
48463,5242,57849
48465,8377,59673
48467,6959,68274
48469,14288,70101
48471,11109,49862
48473,7387,76135
48475,1620,71719
48477,4287,75085
48479,55716,62506
48481,5927,66100
48483,683,67964
48485,18767,62168
48487,2301,51626
48489,4593,45645
48491,40507,108309
48493,4987,92461
48495,893,91898
48497,6474,89897
48499,5600,62524
48501,908,82261
48503,2952,63723
48505,5092,36527
48507,3438,41887
49001,514,85603
49003,5111,77865
49005,17385,78292
49007,3377,53673
49009,72,58750
49011,21737,108058
49013,2605,74738
49015,1112,69956
49017,557,61688
49019,1632,62521
49021,8099,65527
49023,1091,89803
49025,812,75000
49027,1142,70877
49029,214,126092
49031,188,44650
49033,244,76875
49035,97689,94658
49037,2601,54890
49039,4078,67459
49041,2258,73765
49043,1933,137058
49045,3562,101846
49047,3991,69861
49049,58181,96877
49051,1829,115146
49053,18540,76411
49055,231,70074
49057,19731,87083
50001,2524,88478
50003,4128,71494
50005,3727,66075
50007,16606,94310
50009,850,58985
50011,5032,79078
50013,559,90625
50015,2045,69897
50017,2727,77328
50019,2891,66426
50021,7068,64778
50023,5456,79853
50025,5308,68021
50027,4981,75247
51001,4883,57500
51003,7141,102617
51005,1916,55160
51007,1468,66339
51009,3291,67298
51011,2007,62337
51013,16573,140160
51015,5455,79972
51017,841,61709
51019,6429,77644
51021,668,61375
51023,2037,80467
51025,2090,52978
51027,4485,42216
51029,2039,59199
51031,5517,62608
51033,3496,86267
51035,4688,52575
51036,760,70339
51037,2762,48892
51041,25098,98910
51043,1014,114185
51045,652,67778
51047,4229,96098
51049,748,57057
51051,2716,43831
51053,2923,83898
51057,1628,56481
51059,67276,150113
51061,4520,129495
51063,1282,61401
51065,2027,91959
51067,6179,68348
51069,6479,95603
51071,1468,64819
51073,2619,83689
51075,950,118695
51077,2595,42864
51079,2424,85268
51081,1113,56759
51083,5901,49244
51085,5663,109504
51087,27912,86397
51089,7315,48445
51091,233,62946
51093,2891,96118
51095,5119,107046
51097,1232,72851
51099,1764,110517
51101,1431,85212
51103,1391,67169
51105,5617,42269
51107,16821,178707
51109,3916,80343
51111,1758,54460
51113,967,82972
51115,665,75487
51117,5111,51691
51119,978,74154
51121,21057,70769
51125,2118,68525
51127,1228,120125
51131,2021,55933
51133,1238,69500
51135,2608,62161
51137,3688,94175
51139,2234,59396
51141,1859,50938
51143,8812,54115
51145,963,110667
51147,3646,55082
51149,2878,88225
51153,29306,128873
51155,4743,60767
51157,700,98125
51159,692,64184
51161,6858,82931
51163,1773,63975
51165,7902,78468
51167,4592,49020
51169,3729,45136
51171,5440,64437
51173,4772,46859
51175,1427,68465
51177,9974,109576
51179,7940,133792
51181,756,71458
51183,1107,62821
51185,7374,45788
51187,4542,84331
51191,5749,62774
51193,2554,59766
51195,5807,50740
51197,4354,55359
51199,3694,108326
51510,13037,113638
51520,3057,44706
51530,1339,54458
51540,9701,69829
51550,21444,94189
51570,1723,76250
51580,1317,42724
51590,10156,42778
51595,729,49375
51600,2346,132774
51610,529,154734
51620,1340,65125
51630,4281,85368
51640,1503,41438
51650,17351,67758
51660,11298,59752
51670,5405,48681
51678,665,89598
51680,11939,59808
51683,2838,117919
51685,979,100668
51690,2871,42434
51700,26927,66718
51710,37182,64017
51720,917,38497
51730,6930,50741
51735,724,120919
51740,16612,58972
51750,4513,52791
51760,40994,62671
51770,19062,52671
51775,2500,66716
51790,3042,62586
51800,9454,90089
51810,37541,90685
51820,2612,56364
51830,1520,70206
51840,5182,64648
53001,4199,65042
53003,3317,69107
53005,23008,87316
53007,7085,78306
53009,8225,67999
53011,42559,94948
53013,357,71528
53015,14294,72932
53017,3444,80374
53019,1131,54650
53021,12414,82755
53023,247,62411
53025,14884,71115
53027,10358,63539
53029,5875,88358
53031,4123,71143
53033,186954,122148
53035,22299,98546
53037,6130,69928
53039,3155,70400
53041,10756,69690
53043,1162,71227
53045,8232,78359
53047,7827,60293
53049,2709,62350
53051,1853,63750
53053,80115,96632
53055,1892,83682
53057,14887,85474
53059,1008,90085
53061,65003,107982
53063,64956,73513
53065,6072,67405
53067,28292,93985
53069,714,57091
53071,6738,72212
53073,28364,80989
53075,9743,52893
53077,39074,68015
54001,3083,48347
54003,14159,77329
54005,3642,56152
54007,2236,44449
54009,2552,52116
54011,17623,52828
54013,2046,41421
54015,1952,42790
54017,966,61164
54019,7282,52672
54021,684,50991
54023,1458,61530
54025,6611,48662
54027,3214,60299
54029,4211,61017
54031,2491,49302
54033,8708,58326
54035,4826,55671
54037,5038,95523
54039,28216,58887
54041,3222,52279
54043,4099,48593
54045,6621,47237
54047,5054,29980
54049,7414,67537
54051,4396,60329
54053,4366,53454
54055,10372,47799
54057,3719,68049
54059,6804,39527
54061,20538,62704
54063,1929,54508
54065,1891,63805
54067,4323,49280
54069,6216,57867
54071,982,61738
54073,565,61038
54075,1558,41200
54077,4284,61373
54079,6070,77871
54081,15123,52055
54083,3725,55057
54085,1785,50256
54087,2790,45194
54089,2105,42544
54091,2366,56807
54093,859,53475
54095,1426,58293
54097,4093,51859
54099,6015,55539
54101,1812,42061
54103,2303,53341
54105,930,54688
54107,12208,56193
54109,4699,48038
55001,2785,59153
55003,2525,57645
55005,4566,64619
55007,1453,69609
55009,25754,77490
55011,1154,68722
55013,2178,61664
55015,2964,87700
55017,5892,74009
55019,4099,66250
55021,4443,82792
55023,1918,63496
55025,57774,88108
55027,6621,73992
55029,2595,71785
55031,4478,72579
55033,4504,71785
55035,11821,71834
55037,384,62786
55039,8792,73154
55041,1361,59727
55043,6469,64349
55045,2548,80248
55047,2492,66917
55049,1815,83372
55051,698,59058
55053,2493,65508
55055,6734,80604
55057,3627,65150
55059,17302,79412
55061,1559,80085
55063,14383,70704
55065,1783,72091
55067,2323,57258
55069,2925,67726
55071,7826,68611
55073,12159,76185
55075,3713,63401
55077,1843,63471
55078,895,59528
55079,158786,62118
55081,5384,68213
55083,3265,75886
55085,3067,69621
55087,12068,82857
55089,4119,96734
55091,580,74536
55093,3806,88802
55095,3708,76208
55097,6898,73284
55099,1804,58720
55101,20736,75331
55103,2447,62649
55105,16058,74390
55107,1737,58322
55109,6188,102482
55111,5690,77648
55113,2660,59055
55115,4404,67032
55117,9265,71898
55119,1835,63142
55121,2564,71295
55123,4431,69556
55125,2527,67132
55127,9976,77359
55129,1940,61270
55131,7183,95851
55133,21085,104100
55135,5067,71189
55137,2631,64968
55139,17903,72873
55141,7543,66417
56001,7328,59881
56003,1372,60547
56005,4210,95253
56007,1752,66721
56009,1541,79164
56011,451,71209
56013,4766,64646
56015,1439,64882
56017,618,64375
56019,900,63905
56021,9755,77884
56023,1418,86092
56025,7620,71247
56027,386,48987
56029,2519,70533
56031,864,66299
56033,3012,70855
56035,731,82791
56037,5537,76464
56039,1633,112681
56041,1533,82672
56043,651,62648
56045,668,87545
72001,11107,18605
72003,17571,21694
72005,25791,19826
72007,10388,22361
72009,10973,21714
72011,11327,23591
72013,36775,23175
72015,8463,18931
72017,10233,21750
72019,14289,22167
72021,61516,30729
72023,18013,25720
72025,46022,30113
72027,12696,26094
72029,14219,27278
72031,44711,35126
72033,10066,24307
72035,15617,28461
72037,4599,23204
72039,9801,20614
72041,14366,27149
72043,17750,20797
72045,9943,17254
72047,15142,23933
72049,267,27614
72051,10439,33388
72053,13114,25170
72054,5863,21213
72055,8474,16210
72057,16414,20273
72059,8702,21400
72061,21393,46048
72063,12871,39532
72065,13868,28001
72067,6171,24862
72069,19315,26083
72071,19837,20484
72073,8025,18413
72075,19687,23823
72077,12527,28196
72079,12223,18920
72081,15152,19323
72083,4712,16170
72085,13111,25697
72087,10366,22500
72089,7707,23769
72091,17869,20352
72093,2725,20541
72095,5535,19363
72097,37469,17963
72099,17064,21415
72101,13879,23010
72103,11099,21416
72105,14676,21399
72107,11147,19062
72109,7513,23422
72111,10240,20959
72113,66952,18827
72115,10559,23624
72117,6800,25223
72119,17042,26745
72121,9984,20564
72123,12122,21611
72125,16193,17921
72127,132143,26981
72129,16674,21320
72131,20408,17834
72133,9169,23197
72135,22427,33349
72137,24898,29648
72139,18871,38773
72141,14852,17624
72143,14391,25235
72145,22724,23877
72147,4850,17531
72149,9065,24882
72151,14826,21279
72153,14855,21918
